{
	"actorName": "StaticMeshActor_3",
	"actorTransform": [
		{
			"rotation":
			{
				"x": -0.56099021434783936,
				"y": 0.43045467138290405,
				"z": -0.43045562505722046,
				"w": 0.56098723411560059
			},
			"translation":
			{
				"x": 13.409160614013672,
				"y": 997.95660400390625,
				"z": 481.25244140625
			},
			"scale3D":
			{
				"x": 1,
				"y": 1,
				"z": 1
			}
		}
	],
	"staticMeshAssetName": [
		"ZLStaticMesh"
	]
}