{
	"actorName": "Wall10",
	"actorTransform": [
		{
			"rotation":
			{
				"x": 1.9955851207620334e-11,
				"y": -1.3411044164968189e-05,
				"z": 1.5146727037063101e-06,
				"w": 1
			},
			"translation":
			{
				"x": -399.666015625,
				"y": -1474.9869384765625,
				"z": 530.2344970703125
			},
			"scale3D":
			{
				"x": 29,
				"y": 0.5,
				"z": 8
			}
		}
	],
	"staticMeshAssetName": [
		"1M_Cube"
	]
}