{
	"actorName": "Wall9",
	"actorTransform": [
		{
			"rotation":
			{
				"x": -9.4843207989470102e-06,
				"y": -9.4843198894523084e-06,
				"z": -0.70710676908493042,
				"w": 0.70710670948028564
			},
			"translation":
			{
				"x": -1874.6656494140625,
				"y": 0.016339000314474106,
				"z": 530.2344970703125
			},
			"scale3D":
			{
				"x": 30,
				"y": 0.5,
				"z": 8
			}
		}
	],
	"staticMeshAssetName": [
		"1M_Cube"
	]
}